user_id,signup_date,channel,country,device
U1000,2026-02-03,Paid_Social,DE,Android
U1001,2026-03-27,Paid_Social,DE,Android
U1002,2026-03-07,Organic_Search,US,iOS
U1003,2026-02-23,Paid_Social,UK,iOS
U1004,2026-01-15,Paid_Social,UK,iOS
U1005,2026-01-15,Paid_Social,FR,iOS
U1006,2026-01-06,Google_Ads,CA,Android
U1007,2026-03-19,Paid_Social,US,iOS
U1008,2026-02-24,Google_Ads,DE,Android
U1009,2026-03-05,Influencer,US,Web
U1010,2026-01-02,Influencer,UK,iOS
U1011,2026-03-29,Google_Ads,US,iOS
U1012,2026-03-16,Referral,US,iOS
U1013,2026-01-20,Organic_Search,US,Android
U1014,2026-01-17,Organic_Search,UK,Android
U1015,2026-01-17,Organic_Search,US,iOS
U1016,2026-01-28,Google_Ads,DE,Android
U1017,2026-02-17,Influencer,US,Web
U1018,2026-02-08,Organic_Search,US,iOS
U1019,2026-01-27,Referral,DE,iOS
U1020,2026-02-25,Organic_Search,US,Web
U1021,2026-01-13,Referral,US,Android
U1022,2026-01-27,Paid_Social,DE,Web
U1023,2026-02-02,Organic_Search,US,Android
U1024,2026-02-11,Paid_Social,US,Android
U1025,2026-03-12,Organic_Search,US,iOS
U1026,2026-01-18,Organic_Search,CA,Android
U1027,2026-02-16,Paid_Social,UK,Web
U1028,2026-02-23,Influencer,DE,Android
U1029,2026-01-05,Paid_Social,UK,iOS
U1030,2026-02-24,Paid_Social,US,iOS
U1031,2026-01-16,Google_Ads,US,iOS
U1032,2026-01-06,Google_Ads,DE,iOS
U1033,2026-03-27,Organic_Search,US,iOS
U1034,2026-03-28,Paid_Social,US,Android
U1035,2026-03-14,Organic_Search,US,Android
U1036,2026-01-28,Organic_Search,US,iOS
U1037,2026-01-09,Google_Ads,CA,Android
U1038,2026-03-03,Organic_Search,US,iOS
U1039,2026-02-09,Paid_Social,UK,iOS
U1040,2026-01-11,Google_Ads,US,iOS
U1041,2026-02-14,Organic_Search,CA,Android
U1042,2026-01-04,Google_Ads,US,iOS
U1043,2026-03-23,Organic_Search,US,iOS
U1044,2026-01-24,Referral,DE,iOS
U1045,2026-03-01,Paid_Social,DE,Android
U1046,2026-01-29,Influencer,US,iOS
U1047,2026-02-16,Google_Ads,US,Android
U1048,2026-02-19,Organic_Search,US,Android
U1049,2026-01-17,Google_Ads,US,Android
U1050,2026-03-29,Referral,US,Web
U1051,2026-03-11,Google_Ads,UK,iOS
U1052,2026-03-26,Influencer,US,iOS
U1053,2026-03-22,Influencer,US,Web
U1054,2026-02-23,Organic_Search,DE,iOS
U1055,2026-03-24,Organic_Search,CA,Android
U1056,2026-01-08,Google_Ads,UK,Android
U1057,2026-01-18,Paid_Social,US,Android
U1058,2026-01-05,Influencer,US,Web
U1059,2026-01-30,Referral,CA,Web
U1060,2026-02-04,Paid_Social,US,Android
U1061,2026-01-25,Organic_Search,US,iOS
U1062,2026-03-16,Influencer,UK,Web
U1063,2026-02-02,Organic_Search,UK,iOS
U1064,2026-01-26,Influencer,UK,iOS
U1065,2026-02-18,Paid_Social,US,Web
U1066,2026-01-13,Google_Ads,US,iOS
U1067,2026-03-14,Organic_Search,CA,iOS
U1068,2026-01-07,Google_Ads,US,iOS
U1069,2026-03-30,Paid_Social,DE,Web
U1070,2026-03-11,Google_Ads,DE,Android
U1071,2026-01-18,Organic_Search,UK,Android
U1072,2026-01-01,Google_Ads,US,iOS
U1073,2026-03-15,Influencer,US,Android
U1074,2026-03-05,Organic_Search,UK,Android
U1075,2026-03-07,Organic_Search,FR,iOS
U1076,2026-03-11,Organic_Search,CA,iOS
U1077,2026-01-07,Google_Ads,US,iOS
U1078,2026-02-02,Google_Ads,US,Web
U1079,2026-01-11,Paid_Social,CA,Android
U1080,2026-03-19,Organic_Search,DE,Web
U1081,2026-02-26,Paid_Social,FR,iOS
U1082,2026-01-30,Google_Ads,US,Android
U1083,2026-01-06,Paid_Social,UK,Android
U1084,2026-01-28,Referral,DE,Android
U1085,2026-01-30,Organic_Search,DE,Web
U1086,2026-03-07,Google_Ads,US,iOS
U1087,2026-02-27,Paid_Social,US,iOS
U1088,2026-03-21,Paid_Social,UK,Android
U1089,2026-02-12,Google_Ads,US,Android
U1090,2026-01-11,Google_Ads,UK,Android
U1091,2026-03-06,Referral,CA,iOS
U1092,2026-03-10,Organic_Search,US,Android
U1093,2026-02-20,Organic_Search,FR,iOS
U1094,2026-03-11,Google_Ads,US,iOS
U1095,2026-02-14,Google_Ads,DE,Android
U1096,2026-02-17,Organic_Search,CA,Android
U1097,2026-02-08,Organic_Search,US,iOS
U1098,2026-01-03,Organic_Search,US,iOS
U1099,2026-01-10,Influencer,US,iOS
U1100,2026-01-03,Organic_Search,US,iOS
U1101,2026-02-27,Paid_Social,DE,Android
U1102,2026-01-29,Organic_Search,CA,Web
U1103,2026-02-15,Paid_Social,US,iOS
U1104,2026-03-23,Organic_Search,US,Android
U1105,2026-01-23,Paid_Social,US,Web
U1106,2026-02-06,Organic_Search,DE,Android
U1107,2026-03-09,Influencer,US,iOS
U1108,2026-01-21,Organic_Search,UK,Web
U1109,2026-01-07,Paid_Social,UK,iOS
U1110,2026-01-27,Influencer,UK,iOS
U1111,2026-01-15,Google_Ads,US,iOS
U1112,2026-03-25,Paid_Social,DE,iOS
U1113,2026-03-14,Paid_Social,US,iOS
U1114,2026-02-27,Paid_Social,US,iOS
U1115,2026-03-20,Google_Ads,FR,iOS
U1116,2026-03-14,Referral,DE,Android
U1117,2026-01-17,Google_Ads,US,Web
U1118,2026-03-22,Google_Ads,US,iOS
U1119,2026-02-18,Google_Ads,US,Web
U1120,2026-03-14,Paid_Social,US,Web
U1121,2026-03-22,Organic_Search,US,Android
U1122,2026-01-29,Google_Ads,US,iOS
U1123,2026-01-10,Referral,UK,Android
U1124,2026-01-21,Organic_Search,DE,Web
U1125,2026-02-08,Google_Ads,UK,Android
U1126,2026-03-15,Organic_Search,DE,iOS
U1127,2026-03-19,Paid_Social,US,Android
U1128,2026-01-01,Organic_Search,CA,Android
U1129,2026-02-15,Paid_Social,FR,Android
U1130,2026-02-07,Influencer,FR,iOS
U1131,2026-01-20,Paid_Social,FR,iOS
U1132,2026-01-11,Google_Ads,CA,Android
U1133,2026-01-31,Influencer,UK,Web
U1134,2026-03-26,Referral,US,iOS
U1135,2026-01-30,Organic_Search,UK,Web
U1136,2026-02-16,Paid_Social,DE,iOS
U1137,2026-03-05,Organic_Search,DE,Android
U1138,2026-02-02,Referral,UK,Android
U1139,2026-03-29,Referral,US,Android
U1140,2026-03-28,Paid_Social,US,Web
U1141,2026-01-23,Influencer,CA,iOS
U1142,2026-02-14,Paid_Social,UK,Web
U1143,2026-01-28,Google_Ads,UK,iOS
U1144,2026-01-26,Organic_Search,US,Android
U1145,2026-01-04,Influencer,US,Android
U1146,2026-02-24,Organic_Search,FR,Android
U1147,2026-02-15,Influencer,DE,iOS
U1148,2026-01-05,Influencer,DE,Web
U1149,2026-01-26,Google_Ads,UK,iOS
U1150,2026-03-23,Organic_Search,UK,iOS
U1151,2026-01-22,Paid_Social,US,Android
U1152,2026-01-14,Organic_Search,DE,iOS
U1153,2026-02-14,Paid_Social,US,Android
U1154,2026-03-30,Organic_Search,US,iOS
U1155,2026-01-22,Referral,UK,iOS
U1156,2026-03-02,Google_Ads,CA,Android
U1157,2026-03-10,Paid_Social,US,Android
U1158,2026-01-22,Paid_Social,FR,iOS
U1159,2026-03-07,Paid_Social,US,Android
U1160,2026-02-03,Google_Ads,US,Android
U1161,2026-02-26,Paid_Social,US,Android
U1162,2026-02-27,Referral,US,iOS
U1163,2026-02-18,Paid_Social,UK,Android
U1164,2026-01-09,Referral,US,Android
U1165,2026-03-17,Influencer,UK,Android
U1166,2026-01-29,Organic_Search,CA,iOS
U1167,2026-01-17,Referral,US,Android
U1168,2026-01-04,Organic_Search,DE,Android
U1169,2026-02-23,Influencer,US,Android
U1170,2026-03-02,Paid_Social,DE,iOS
U1171,2026-01-02,Influencer,US,Web
U1172,2026-02-16,Influencer,US,Android
U1173,2026-01-21,Influencer,US,iOS
U1174,2026-02-28,Influencer,US,iOS
U1175,2026-01-16,Paid_Social,US,Web
U1176,2026-03-04,Organic_Search,DE,iOS
U1177,2026-02-04,Paid_Social,FR,Web
U1178,2026-03-26,Organic_Search,FR,Android
U1179,2026-01-13,Google_Ads,DE,Android
U1180,2026-01-31,Paid_Social,US,iOS
U1181,2026-01-11,Referral,US,iOS
U1182,2026-03-25,Google_Ads,US,Web
U1183,2026-03-20,Influencer,US,iOS
U1184,2026-01-24,Organic_Search,UK,Android
U1185,2026-03-01,Influencer,UK,iOS
U1186,2026-03-15,Referral,US,iOS
U1187,2026-02-19,Paid_Social,US,iOS
U1188,2026-02-17,Google_Ads,FR,Android
U1189,2026-01-22,Influencer,DE,Web
U1190,2026-01-09,Organic_Search,US,iOS
U1191,2026-03-22,Paid_Social,CA,iOS
U1192,2026-03-23,Paid_Social,CA,iOS
U1193,2026-02-26,Organic_Search,US,Android
U1194,2026-01-31,Paid_Social,US,iOS
U1195,2026-02-01,Organic_Search,UK,Web
U1196,2026-03-07,Organic_Search,CA,Android
U1197,2026-03-22,Organic_Search,FR,Android
U1198,2026-03-21,Referral,US,iOS
U1199,2026-03-12,Paid_Social,US,Web
U1200,2026-02-27,Referral,UK,iOS
U1201,2026-01-08,Paid_Social,UK,iOS
U1202,2026-01-15,Paid_Social,US,Android
U1203,2026-03-22,Paid_Social,FR,Android
U1204,2026-02-24,Paid_Social,DE,iOS
U1205,2026-01-01,Organic_Search,FR,iOS
U1206,2026-01-10,Google_Ads,FR,Android
U1207,2026-03-01,Organic_Search,DE,iOS
U1208,2026-01-01,Google_Ads,US,Android
U1209,2026-01-15,Google_Ads,UK,Android
U1210,2026-02-19,Organic_Search,US,iOS
U1211,2026-03-04,Organic_Search,DE,iOS
U1212,2026-02-28,Influencer,US,iOS
U1213,2026-01-21,Paid_Social,DE,Android
U1214,2026-03-06,Organic_Search,US,Android
U1215,2026-01-22,Referral,US,iOS
U1216,2026-01-30,Organic_Search,US,Android
U1217,2026-03-09,Google_Ads,US,Web
U1218,2026-02-28,Referral,DE,iOS
U1219,2026-03-18,Organic_Search,DE,Web
U1220,2026-03-01,Organic_Search,UK,iOS
U1221,2026-02-21,Organic_Search,US,iOS
U1222,2026-01-09,Paid_Social,US,iOS
U1223,2026-02-03,Organic_Search,US,iOS
U1224,2026-01-24,Google_Ads,US,iOS
U1225,2026-01-22,Organic_Search,FR,iOS
U1226,2026-03-29,Paid_Social,US,Web
U1227,2026-02-05,Referral,US,Android
U1228,2026-03-22,Influencer,US,Android
U1229,2026-02-26,Google_Ads,US,iOS
U1230,2026-03-13,Paid_Social,UK,iOS
U1231,2026-02-15,Google_Ads,UK,iOS
U1232,2026-02-21,Paid_Social,US,Android
U1233,2026-02-14,Paid_Social,US,Web
U1234,2026-01-18,Organic_Search,US,iOS
U1235,2026-03-07,Influencer,US,iOS
U1236,2026-01-26,Paid_Social,US,Android
U1237,2026-01-03,Organic_Search,CA,iOS
U1238,2026-02-28,Paid_Social,UK,iOS
U1239,2026-01-16,Paid_Social,UK,Android
U1240,2026-03-26,Influencer,US,Android
U1241,2026-03-27,Google_Ads,US,iOS
U1242,2026-03-24,Influencer,UK,iOS
U1243,2026-02-03,Organic_Search,DE,Web
U1244,2026-01-02,Paid_Social,DE,iOS
U1245,2026-03-25,Paid_Social,US,iOS
U1246,2026-02-08,Organic_Search,UK,iOS
U1247,2026-03-28,Organic_Search,US,iOS
U1248,2026-03-28,Influencer,FR,iOS
U1249,2026-03-18,Organic_Search,UK,Android
U1250,2026-01-27,Paid_Social,UK,iOS
U1251,2026-02-04,Organic_Search,US,iOS
U1252,2026-03-18,Organic_Search,UK,Android
U1253,2026-01-29,Organic_Search,US,Android
U1254,2026-01-16,Referral,US,Web
U1255,2026-02-20,Influencer,US,Web
U1256,2026-03-26,Referral,DE,iOS
U1257,2026-03-04,Paid_Social,US,Android
U1258,2026-02-21,Organic_Search,US,iOS
U1259,2026-01-09,Paid_Social,FR,Web
U1260,2026-02-25,Paid_Social,US,iOS
U1261,2026-03-31,Influencer,UK,Web
U1262,2026-01-13,Organic_Search,US,Android
U1263,2026-02-16,Paid_Social,US,iOS
U1264,2026-03-20,Organic_Search,DE,Android
U1265,2026-03-08,Paid_Social,US,Web
U1266,2026-03-04,Google_Ads,UK,Web
U1267,2026-03-05,Paid_Social,UK,iOS
U1268,2026-02-02,Paid_Social,UK,Android
U1269,2026-01-27,Paid_Social,DE,iOS
U1270,2026-03-14,Paid_Social,US,iOS
U1271,2026-03-14,Influencer,US,iOS
U1272,2026-03-20,Influencer,DE,iOS
U1273,2026-03-24,Referral,UK,Android
U1274,2026-02-16,Influencer,FR,iOS
U1275,2026-02-15,Paid_Social,FR,Android
U1276,2026-03-13,Google_Ads,FR,iOS
U1277,2026-02-28,Paid_Social,UK,iOS
U1278,2026-03-05,Organic_Search,US,iOS
U1279,2026-03-13,Influencer,DE,iOS
U1280,2026-03-22,Organic_Search,UK,iOS
U1281,2026-01-31,Referral,US,iOS
U1282,2026-02-03,Paid_Social,FR,Android
U1283,2026-01-09,Google_Ads,FR,iOS
U1284,2026-02-22,Google_Ads,UK,iOS
U1285,2026-01-04,Influencer,US,iOS
U1286,2026-02-11,Google_Ads,US,Web
U1287,2026-02-18,Google_Ads,FR,Web
U1288,2026-01-26,Organic_Search,CA,iOS
U1289,2026-02-23,Paid_Social,US,iOS
U1290,2026-01-03,Organic_Search,US,iOS
U1291,2026-01-04,Google_Ads,FR,Web
U1292,2026-03-16,Paid_Social,US,iOS
U1293,2026-02-02,Google_Ads,UK,iOS
U1294,2026-01-12,Organic_Search,CA,iOS
U1295,2026-02-17,Organic_Search,US,iOS
U1296,2026-03-11,Google_Ads,UK,iOS
U1297,2026-01-20,Organic_Search,US,Android
U1298,2026-02-26,Organic_Search,US,iOS
U1299,2026-01-08,Organic_Search,FR,Android
U1300,2026-01-05,Referral,US,iOS
U1301,2026-02-17,Google_Ads,CA,iOS
U1302,2026-02-18,Paid_Social,UK,Web
U1303,2026-02-27,Organic_Search,US,iOS
U1304,2026-03-07,Paid_Social,US,Android
U1305,2026-03-29,Influencer,US,Android
U1306,2026-02-16,Google_Ads,US,iOS
U1307,2026-01-30,Organic_Search,US,Web
U1308,2026-03-13,Organic_Search,US,iOS
U1309,2026-01-25,Organic_Search,UK,Web
U1310,2026-02-09,Google_Ads,DE,iOS
U1311,2026-01-08,Influencer,DE,Web
U1312,2026-01-03,Organic_Search,DE,iOS
U1313,2026-03-28,Organic_Search,US,Android
U1314,2026-03-17,Organic_Search,US,Android
U1315,2026-03-04,Referral,DE,Web
U1316,2026-02-06,Organic_Search,UK,Web
U1317,2026-01-16,Influencer,US,Android
U1318,2026-01-15,Google_Ads,FR,Web
U1319,2026-01-23,Paid_Social,DE,iOS
U1320,2026-02-19,Organic_Search,UK,iOS
U1321,2026-03-06,Organic_Search,US,iOS
U1322,2026-03-01,Google_Ads,DE,iOS
U1323,2026-01-26,Influencer,UK,iOS
U1324,2026-03-27,Google_Ads,DE,Android
U1325,2026-03-08,Paid_Social,DE,iOS
U1326,2026-02-19,Organic_Search,FR,Android
U1327,2026-02-25,Referral,UK,iOS
U1328,2026-02-07,Influencer,US,iOS
U1329,2026-01-23,Organic_Search,DE,Android
U1330,2026-02-02,Referral,UK,Android
U1331,2026-03-10,Google_Ads,DE,Android
U1332,2026-01-02,Google_Ads,US,Android
U1333,2026-01-11,Google_Ads,US,iOS
U1334,2026-01-05,Influencer,FR,Android
U1335,2026-01-04,Google_Ads,DE,iOS
U1336,2026-03-18,Organic_Search,CA,iOS
U1337,2026-03-05,Paid_Social,DE,iOS
U1338,2026-02-12,Referral,UK,iOS
U1339,2026-01-09,Organic_Search,DE,iOS
U1340,2026-02-14,Paid_Social,FR,Web
U1341,2026-02-12,Paid_Social,UK,Web
U1342,2026-01-16,Paid_Social,UK,iOS
U1343,2026-02-09,Google_Ads,US,iOS
U1344,2026-02-05,Referral,UK,iOS
U1345,2026-02-25,Organic_Search,DE,iOS
U1346,2026-02-27,Organic_Search,US,Web
U1347,2026-01-05,Organic_Search,US,iOS
U1348,2026-02-03,Influencer,US,Android
U1349,2026-02-26,Google_Ads,US,iOS
U1350,2026-02-15,Organic_Search,US,Web
U1351,2026-03-19,Influencer,US,iOS
U1352,2026-03-01,Influencer,CA,Android
U1353,2026-01-15,Influencer,UK,iOS
U1354,2026-01-07,Referral,US,Android
U1355,2026-02-27,Organic_Search,US,iOS
U1356,2026-01-03,Influencer,DE,iOS
U1357,2026-02-22,Paid_Social,US,Web
U1358,2026-03-26,Influencer,FR,Web
U1359,2026-02-21,Google_Ads,DE,Web
U1360,2026-02-04,Influencer,DE,Android
U1361,2026-02-27,Google_Ads,US,Android
U1362,2026-02-11,Organic_Search,DE,iOS
U1363,2026-02-19,Paid_Social,US,iOS
U1364,2026-03-26,Referral,CA,iOS
U1365,2026-02-04,Referral,UK,Android
U1366,2026-03-28,Organic_Search,US,iOS
U1367,2026-03-23,Organic_Search,US,iOS
U1368,2026-01-18,Organic_Search,US,Android
U1369,2026-01-07,Google_Ads,DE,Android
U1370,2026-01-10,Influencer,US,iOS
U1371,2026-01-02,Organic_Search,UK,iOS
U1372,2026-01-09,Paid_Social,US,iOS
U1373,2026-03-03,Influencer,DE,iOS
U1374,2026-01-07,Google_Ads,FR,iOS
U1375,2026-01-29,Paid_Social,DE,Android
U1376,2026-03-18,Google_Ads,DE,Android
U1377,2026-01-03,Paid_Social,US,Android
U1378,2026-03-15,Organic_Search,US,iOS
U1379,2026-01-26,Google_Ads,DE,Android
U1380,2026-01-11,Google_Ads,US,iOS
U1381,2026-03-04,Influencer,US,iOS
U1382,2026-02-26,Google_Ads,US,Android
U1383,2026-03-20,Influencer,US,iOS
U1384,2026-03-08,Organic_Search,US,iOS
U1385,2026-03-14,Paid_Social,FR,Web
U1386,2026-01-26,Organic_Search,US,iOS
U1387,2026-01-16,Organic_Search,UK,Android
U1388,2026-03-09,Google_Ads,US,iOS
U1389,2026-03-14,Referral,DE,Android
U1390,2026-03-31,Organic_Search,US,iOS
U1391,2026-02-07,Paid_Social,FR,iOS
U1392,2026-02-03,Influencer,FR,Android
U1393,2026-03-11,Organic_Search,US,iOS
U1394,2026-01-31,Google_Ads,CA,iOS
U1395,2026-03-25,Google_Ads,CA,iOS
U1396,2026-03-19,Google_Ads,FR,iOS
U1397,2026-02-08,Organic_Search,FR,iOS
U1398,2026-03-09,Paid_Social,US,iOS
U1399,2026-03-09,Influencer,UK,Web
U1400,2026-01-10,Google_Ads,US,iOS
U1401,2026-03-23,Organic_Search,US,iOS
U1402,2026-02-15,Influencer,CA,iOS
U1403,2026-03-16,Organic_Search,US,iOS
U1404,2026-01-29,Google_Ads,DE,Web
U1405,2026-03-22,Organic_Search,FR,iOS
U1406,2026-02-05,Referral,FR,Web
U1407,2026-01-01,Paid_Social,CA,iOS
U1408,2026-03-23,Paid_Social,US,Android
U1409,2026-01-09,Organic_Search,US,Android
U1410,2026-01-29,Paid_Social,US,Web
U1411,2026-03-27,Influencer,US,Android
U1412,2026-03-27,Referral,US,Android
U1413,2026-02-21,Paid_Social,US,iOS
U1414,2026-02-26,Paid_Social,DE,iOS
U1415,2026-02-10,Google_Ads,UK,Web
U1416,2026-01-27,Influencer,US,iOS
U1417,2026-01-30,Google_Ads,DE,iOS
U1418,2026-03-02,Paid_Social,US,Android
U1419,2026-03-09,Paid_Social,US,iOS
U1420,2026-03-13,Google_Ads,DE,Web
U1421,2026-03-13,Organic_Search,UK,Android
U1422,2026-01-09,Google_Ads,DE,Android
U1423,2026-02-14,Paid_Social,US,Web
U1424,2026-01-06,Influencer,FR,iOS
U1425,2026-02-19,Organic_Search,UK,iOS
U1426,2026-02-09,Google_Ads,UK,iOS
U1427,2026-03-21,Paid_Social,UK,iOS
U1428,2026-02-01,Google_Ads,FR,Android
U1429,2026-01-11,Organic_Search,UK,Web
U1430,2026-01-13,Google_Ads,UK,iOS
U1431,2026-03-10,Google_Ads,CA,iOS
U1432,2026-02-25,Google_Ads,DE,Web
U1433,2026-01-10,Google_Ads,US,iOS
U1434,2026-01-08,Google_Ads,DE,iOS
U1435,2026-03-05,Influencer,US,iOS
U1436,2026-01-07,Organic_Search,US,Web
U1437,2026-03-15,Influencer,UK,Android
U1438,2026-03-05,Paid_Social,CA,Android
U1439,2026-01-08,Organic_Search,CA,Android
U1440,2026-01-08,Organic_Search,US,iOS
U1441,2026-03-30,Paid_Social,UK,iOS
U1442,2026-02-03,Influencer,US,Android
U1443,2026-02-03,Google_Ads,CA,iOS
U1444,2026-03-15,Influencer,CA,Android
U1445,2026-03-27,Paid_Social,UK,Web
U1446,2026-03-30,Paid_Social,FR,Android
U1447,2026-03-09,Organic_Search,DE,Android
U1448,2026-02-03,Paid_Social,UK,Android
U1449,2026-01-08,Paid_Social,US,Android
U1450,2026-03-11,Organic_Search,UK,iOS
U1451,2026-02-20,Organic_Search,DE,iOS
U1452,2026-02-08,Google_Ads,DE,iOS
U1453,2026-03-23,Google_Ads,US,Android
U1454,2026-01-11,Referral,CA,iOS
U1455,2026-02-14,Referral,US,Android
U1456,2026-01-02,Google_Ads,UK,iOS
U1457,2026-02-12,Paid_Social,DE,Android
U1458,2026-01-06,Google_Ads,DE,iOS
U1459,2026-01-11,Influencer,UK,Android
U1460,2026-01-11,Organic_Search,US,Android
U1461,2026-02-28,Paid_Social,US,iOS
U1462,2026-03-09,Influencer,UK,iOS
U1463,2026-02-22,Paid_Social,UK,Android
U1464,2026-03-28,Google_Ads,US,iOS
U1465,2026-02-03,Google_Ads,DE,iOS
U1466,2026-01-26,Organic_Search,UK,Web
U1467,2026-03-20,Paid_Social,DE,Android
U1468,2026-01-21,Paid_Social,FR,Web
U1469,2026-03-28,Organic_Search,US,iOS
U1470,2026-01-02,Organic_Search,US,iOS
U1471,2026-03-29,Influencer,DE,Web
U1472,2026-01-04,Organic_Search,UK,Android
U1473,2026-03-22,Paid_Social,DE,Android
U1474,2026-02-17,Organic_Search,FR,iOS
U1475,2026-03-31,Referral,FR,iOS
U1476,2026-01-07,Organic_Search,CA,iOS
U1477,2026-02-19,Paid_Social,UK,iOS
U1478,2026-03-29,Influencer,UK,iOS
U1479,2026-02-17,Influencer,US,iOS
U1480,2026-02-26,Organic_Search,US,Web
U1481,2026-03-04,Influencer,UK,iOS
U1482,2026-02-10,Paid_Social,US,Android
U1483,2026-02-26,Paid_Social,CA,Android
U1484,2026-02-22,Organic_Search,UK,Android
U1485,2026-03-23,Organic_Search,UK,iOS
U1486,2026-01-05,Google_Ads,US,Android
U1487,2026-01-26,Paid_Social,US,Android
U1488,2026-03-27,Paid_Social,US,Android
U1489,2026-03-22,Google_Ads,US,Android
U1490,2026-02-11,Influencer,US,Web
U1491,2026-02-25,Organic_Search,UK,Android
U1492,2026-01-25,Google_Ads,FR,iOS
U1493,2026-01-17,Organic_Search,FR,Android
U1494,2026-02-11,Influencer,DE,iOS
U1495,2026-02-01,Google_Ads,US,Web
U1496,2026-02-22,Referral,FR,iOS
U1497,2026-01-07,Organic_Search,FR,iOS
U1498,2026-03-29,Organic_Search,US,Android
U1499,2026-03-30,Organic_Search,DE,Android
U1500,2026-03-04,Organic_Search,US,iOS
U1501,2026-02-18,Organic_Search,FR,iOS
U1502,2026-01-28,Referral,CA,Web
U1503,2026-03-15,Organic_Search,US,iOS
U1504,2026-03-03,Organic_Search,FR,Web
U1505,2026-01-15,Influencer,UK,iOS
U1506,2026-03-23,Paid_Social,CA,Android
U1507,2026-03-16,Influencer,UK,Android
U1508,2026-03-27,Organic_Search,FR,iOS
U1509,2026-03-07,Paid_Social,US,iOS
U1510,2026-02-25,Organic_Search,US,iOS
U1511,2026-02-07,Organic_Search,US,Android
U1512,2026-03-25,Referral,CA,Android
U1513,2026-03-19,Organic_Search,FR,Android
U1514,2026-01-05,Paid_Social,FR,iOS
U1515,2026-01-03,Paid_Social,CA,iOS
U1516,2026-02-03,Paid_Social,US,iOS
U1517,2026-03-14,Influencer,US,iOS
U1518,2026-03-30,Organic_Search,US,Android
U1519,2026-01-14,Google_Ads,US,Web
U1520,2026-02-23,Referral,US,Android
U1521,2026-02-04,Google_Ads,UK,iOS
U1522,2026-03-29,Referral,US,Web
U1523,2026-03-17,Organic_Search,US,Android
U1524,2026-03-17,Paid_Social,US,Web
U1525,2026-02-12,Organic_Search,US,Android
U1526,2026-02-07,Google_Ads,CA,iOS
U1527,2026-01-25,Referral,DE,iOS
U1528,2026-01-06,Organic_Search,CA,Android
U1529,2026-03-19,Google_Ads,US,iOS
U1530,2026-03-15,Organic_Search,US,iOS
U1531,2026-03-31,Google_Ads,DE,Android
U1532,2026-03-31,Paid_Social,US,Android
U1533,2026-02-19,Referral,US,Android
U1534,2026-03-11,Google_Ads,US,iOS
U1535,2026-03-27,Paid_Social,US,iOS
U1536,2026-03-18,Organic_Search,US,Android
U1537,2026-01-23,Organic_Search,US,Web
U1538,2026-02-10,Organic_Search,DE,Android
U1539,2026-01-12,Organic_Search,US,Web
U1540,2026-03-27,Influencer,US,Android
U1541,2026-02-24,Google_Ads,FR,Android
U1542,2026-01-21,Paid_Social,US,iOS
U1543,2026-03-02,Organic_Search,US,Android
U1544,2026-02-25,Influencer,FR,Android
U1545,2026-02-02,Google_Ads,US,Android
U1546,2026-01-11,Organic_Search,US,iOS
U1547,2026-03-02,Google_Ads,UK,Android
U1548,2026-02-16,Paid_Social,US,iOS
U1549,2026-03-11,Organic_Search,UK,Android
U1550,2026-02-16,Paid_Social,FR,iOS
U1551,2026-03-18,Paid_Social,US,Android
U1552,2026-02-19,Organic_Search,UK,iOS
U1553,2026-02-20,Referral,UK,iOS
U1554,2026-03-20,Influencer,US,iOS
U1555,2026-02-06,Google_Ads,UK,Android
U1556,2026-01-13,Paid_Social,US,iOS
U1557,2026-01-03,Paid_Social,UK,iOS
U1558,2026-03-09,Google_Ads,US,Android
U1559,2026-02-25,Paid_Social,UK,iOS
U1560,2026-03-05,Organic_Search,US,Web
U1561,2026-01-20,Paid_Social,FR,Web
U1562,2026-01-13,Influencer,US,Android
U1563,2026-01-02,Paid_Social,US,iOS
U1564,2026-02-01,Organic_Search,UK,Android
U1565,2026-02-23,Influencer,DE,iOS
U1566,2026-02-05,Organic_Search,UK,iOS
U1567,2026-02-09,Organic_Search,DE,iOS
U1568,2026-03-23,Organic_Search,DE,Web
U1569,2026-02-01,Paid_Social,FR,iOS
U1570,2026-02-16,Influencer,US,Android
U1571,2026-03-12,Paid_Social,UK,Android
U1572,2026-02-05,Organic_Search,FR,iOS
U1573,2026-02-25,Influencer,CA,iOS
U1574,2026-03-19,Influencer,FR,Web
U1575,2026-03-27,Influencer,US,Android
U1576,2026-01-14,Organic_Search,US,Android
U1577,2026-03-25,Paid_Social,UK,iOS
U1578,2026-02-14,Referral,DE,iOS
U1579,2026-01-24,Influencer,UK,iOS
U1580,2026-02-11,Organic_Search,UK,iOS
U1581,2026-03-30,Organic_Search,FR,iOS
U1582,2026-02-14,Paid_Social,US,Android
U1583,2026-01-30,Referral,FR,iOS
U1584,2026-02-27,Paid_Social,US,iOS
U1585,2026-01-22,Paid_Social,US,Android
U1586,2026-01-07,Organic_Search,UK,Android
U1587,2026-01-12,Google_Ads,DE,iOS
U1588,2026-01-12,Influencer,US,Android
U1589,2026-01-14,Paid_Social,US,iOS
U1590,2026-01-13,Influencer,CA,iOS
U1591,2026-02-27,Referral,US,iOS
U1592,2026-01-17,Organic_Search,UK,Android
U1593,2026-02-01,Paid_Social,UK,iOS
U1594,2026-03-22,Organic_Search,UK,iOS
U1595,2026-02-12,Influencer,UK,iOS
U1596,2026-03-02,Google_Ads,US,Android
U1597,2026-01-16,Google_Ads,UK,iOS
U1598,2026-01-18,Influencer,US,iOS
U1599,2026-01-04,Paid_Social,DE,iOS
U1600,2026-01-16,Referral,US,iOS
U1601,2026-01-26,Paid_Social,UK,Android
U1602,2026-01-16,Organic_Search,US,Android
U1603,2026-01-08,Google_Ads,US,iOS
U1604,2026-01-11,Influencer,US,iOS
U1605,2026-02-11,Paid_Social,US,iOS
U1606,2026-01-19,Influencer,FR,iOS
U1607,2026-02-02,Referral,US,iOS
U1608,2026-02-15,Organic_Search,CA,Android
U1609,2026-03-04,Referral,CA,Web
U1610,2026-01-04,Organic_Search,UK,Web
U1611,2026-03-13,Organic_Search,US,Web
U1612,2026-02-26,Organic_Search,US,Android
U1613,2026-01-08,Influencer,DE,Android
U1614,2026-03-20,Google_Ads,US,iOS
U1615,2026-03-24,Organic_Search,US,Android
U1616,2026-01-06,Paid_Social,UK,iOS
U1617,2026-01-25,Google_Ads,FR,iOS
U1618,2026-03-14,Organic_Search,DE,Android
U1619,2026-03-09,Influencer,US,iOS
U1620,2026-01-17,Influencer,DE,iOS
U1621,2026-01-19,Paid_Social,US,Web
U1622,2026-02-03,Referral,US,iOS
U1623,2026-02-13,Paid_Social,FR,iOS
U1624,2026-02-25,Referral,US,Web
U1625,2026-02-03,Google_Ads,US,Android
U1626,2026-02-11,Google_Ads,US,Android
U1627,2026-03-09,Organic_Search,FR,iOS
U1628,2026-01-04,Influencer,DE,iOS
U1629,2026-01-23,Paid_Social,UK,Web
U1630,2026-03-06,Organic_Search,DE,Android
U1631,2026-03-22,Organic_Search,US,Android
U1632,2026-02-16,Google_Ads,UK,iOS
U1633,2026-02-17,Paid_Social,US,iOS
U1634,2026-01-10,Google_Ads,US,Web
U1635,2026-02-10,Influencer,UK,iOS
U1636,2026-02-17,Organic_Search,CA,Android
U1637,2026-01-22,Google_Ads,US,iOS
U1638,2026-01-25,Organic_Search,US,Android
U1639,2026-02-03,Influencer,US,Web
U1640,2026-01-02,Influencer,US,Android
U1641,2026-01-29,Paid_Social,CA,iOS
U1642,2026-01-20,Google_Ads,UK,Android
U1643,2026-01-30,Paid_Social,UK,Android
U1644,2026-01-11,Paid_Social,DE,iOS
U1645,2026-03-22,Influencer,US,Web
U1646,2026-02-23,Paid_Social,UK,Android
U1647,2026-03-03,Paid_Social,US,Web
U1648,2026-03-13,Paid_Social,UK,Android
U1649,2026-02-14,Influencer,CA,iOS
U1650,2026-01-08,Paid_Social,DE,iOS
U1651,2026-02-18,Organic_Search,US,iOS
U1652,2026-02-22,Google_Ads,FR,Web
U1653,2026-03-09,Influencer,US,Android
U1654,2026-02-08,Organic_Search,US,Android
U1655,2026-01-12,Organic_Search,US,iOS
U1656,2026-01-26,Organic_Search,US,iOS
U1657,2026-02-02,Paid_Social,UK,Android
U1658,2026-02-28,Paid_Social,UK,iOS
U1659,2026-02-21,Google_Ads,CA,iOS
U1660,2026-02-02,Google_Ads,UK,Android
U1661,2026-03-30,Google_Ads,UK,iOS
U1662,2026-02-24,Paid_Social,US,iOS
U1663,2026-01-22,Influencer,US,iOS
U1664,2026-01-10,Paid_Social,UK,iOS
U1665,2026-01-14,Referral,US,Web
U1666,2026-01-23,Google_Ads,FR,iOS
U1667,2026-01-15,Organic_Search,US,iOS
U1668,2026-01-17,Google_Ads,US,iOS
U1669,2026-01-26,Paid_Social,US,Android
U1670,2026-01-16,Google_Ads,US,iOS
U1671,2026-03-22,Organic_Search,US,Android
U1672,2026-01-08,Organic_Search,DE,iOS
U1673,2026-02-17,Influencer,US,iOS
U1674,2026-02-06,Organic_Search,UK,iOS
U1675,2026-03-30,Influencer,US,Android
U1676,2026-01-11,Organic_Search,US,Web
U1677,2026-02-05,Google_Ads,US,iOS
U1678,2026-03-29,Google_Ads,FR,Android
U1679,2026-03-19,Paid_Social,US,Web
U1680,2026-03-15,Paid_Social,DE,iOS
U1681,2026-01-24,Organic_Search,US,Android
U1682,2026-01-16,Organic_Search,DE,iOS
U1683,2026-03-02,Paid_Social,US,Web
U1684,2026-03-25,Google_Ads,DE,Android
U1685,2026-02-20,Referral,UK,Web
U1686,2026-02-21,Influencer,CA,Android
U1687,2026-01-26,Influencer,US,iOS
U1688,2026-03-11,Influencer,US,Web
U1689,2026-01-17,Google_Ads,US,iOS
U1690,2026-01-30,Organic_Search,FR,iOS
U1691,2026-02-08,Referral,UK,Android
U1692,2026-02-15,Google_Ads,DE,Android
U1693,2026-01-22,Google_Ads,US,Web
U1694,2026-01-11,Organic_Search,US,iOS
U1695,2026-02-24,Paid_Social,US,Android
U1696,2026-01-26,Paid_Social,CA,Android
U1697,2026-02-22,Influencer,DE,iOS
U1698,2026-01-14,Paid_Social,CA,iOS
U1699,2026-02-13,Paid_Social,US,iOS
U1700,2026-02-17,Referral,UK,iOS
U1701,2026-01-05,Organic_Search,DE,Web
U1702,2026-01-31,Paid_Social,US,Android
U1703,2026-01-13,Organic_Search,FR,Android
U1704,2026-01-06,Google_Ads,CA,Web
U1705,2026-03-31,Referral,FR,iOS
U1706,2026-01-30,Organic_Search,DE,Android
U1707,2026-03-14,Influencer,US,iOS
U1708,2026-01-23,Organic_Search,US,Web
U1709,2026-03-03,Referral,CA,iOS
U1710,2026-03-10,Influencer,US,Web
U1711,2026-02-23,Influencer,DE,iOS
U1712,2026-02-12,Organic_Search,DE,iOS
U1713,2026-02-07,Referral,UK,Android
U1714,2026-02-01,Google_Ads,CA,iOS
U1715,2026-03-25,Paid_Social,US,Android
U1716,2026-03-16,Influencer,US,iOS
U1717,2026-03-28,Organic_Search,US,Android
U1718,2026-01-12,Influencer,US,iOS
U1719,2026-03-07,Organic_Search,US,iOS
U1720,2026-03-26,Google_Ads,US,iOS
U1721,2026-01-17,Paid_Social,FR,iOS
U1722,2026-01-06,Organic_Search,CA,iOS
U1723,2026-03-08,Organic_Search,US,iOS
U1724,2026-02-21,Organic_Search,US,iOS
U1725,2026-03-17,Paid_Social,CA,iOS
U1726,2026-01-13,Paid_Social,US,Android
U1727,2026-03-13,Google_Ads,US,Web
U1728,2026-01-19,Organic_Search,US,iOS
U1729,2026-01-15,Organic_Search,UK,Android
U1730,2026-01-15,Google_Ads,US,Android
U1731,2026-03-15,Organic_Search,CA,iOS
U1732,2026-03-01,Referral,US,Android
U1733,2026-02-17,Influencer,UK,iOS
U1734,2026-02-02,Google_Ads,US,Android
U1735,2026-03-20,Google_Ads,UK,iOS
U1736,2026-02-05,Influencer,DE,Android
U1737,2026-03-15,Organic_Search,DE,Android
U1738,2026-02-09,Organic_Search,DE,iOS
U1739,2026-02-03,Organic_Search,UK,iOS
U1740,2026-02-11,Influencer,CA,Web
U1741,2026-01-28,Organic_Search,FR,iOS
U1742,2026-03-09,Google_Ads,DE,Android
U1743,2026-02-15,Referral,US,Web
U1744,2026-01-21,Influencer,US,Android
U1745,2026-03-22,Paid_Social,US,Android
U1746,2026-02-04,Organic_Search,DE,Android
U1747,2026-02-18,Influencer,US,Web
U1748,2026-03-23,Google_Ads,US,iOS
U1749,2026-02-26,Organic_Search,FR,iOS
U1750,2026-01-11,Organic_Search,FR,iOS
U1751,2026-03-26,Referral,CA,Web
U1752,2026-02-26,Google_Ads,US,Android
U1753,2026-01-31,Influencer,DE,iOS
U1754,2026-01-13,Influencer,US,Web
U1755,2026-03-13,Google_Ads,US,iOS
U1756,2026-02-25,Paid_Social,US,iOS
U1757,2026-02-18,Paid_Social,US,Android
U1758,2026-03-22,Paid_Social,US,iOS
U1759,2026-03-12,Paid_Social,FR,Web
U1760,2026-01-14,Influencer,US,iOS
U1761,2026-01-29,Google_Ads,DE,Android
U1762,2026-01-23,Influencer,UK,Android
U1763,2026-03-08,Paid_Social,US,iOS
U1764,2026-01-04,Google_Ads,UK,Web
U1765,2026-02-21,Google_Ads,US,Android
U1766,2026-03-10,Google_Ads,UK,iOS
U1767,2026-03-20,Google_Ads,US,iOS
U1768,2026-01-31,Organic_Search,US,Web
U1769,2026-03-15,Paid_Social,US,iOS
U1770,2026-01-10,Organic_Search,UK,iOS
U1771,2026-03-18,Paid_Social,CA,iOS
U1772,2026-01-12,Paid_Social,US,iOS
U1773,2026-02-05,Google_Ads,DE,Android
U1774,2026-03-13,Referral,DE,iOS
U1775,2026-01-14,Google_Ads,CA,iOS
U1776,2026-01-21,Google_Ads,FR,iOS
U1777,2026-03-07,Paid_Social,UK,iOS
U1778,2026-03-06,Google_Ads,DE,Web
U1779,2026-02-27,Organic_Search,FR,iOS
U1780,2026-03-04,Organic_Search,US,Web
U1781,2026-02-18,Paid_Social,US,iOS
U1782,2026-01-23,Paid_Social,US,iOS
U1783,2026-02-01,Organic_Search,FR,Web
U1784,2026-01-17,Organic_Search,FR,iOS
U1785,2026-03-23,Organic_Search,US,Android
U1786,2026-02-22,Referral,UK,Web
U1787,2026-02-06,Paid_Social,UK,iOS
U1788,2026-02-11,Paid_Social,US,iOS
U1789,2026-03-27,Organic_Search,CA,Android
U1790,2026-01-14,Google_Ads,US,iOS
U1791,2026-02-22,Organic_Search,US,iOS
U1792,2026-02-15,Organic_Search,UK,iOS
U1793,2026-02-25,Paid_Social,DE,iOS
U1794,2026-01-02,Organic_Search,US,Android
U1795,2026-03-20,Organic_Search,DE,iOS
U1796,2026-03-25,Organic_Search,UK,iOS
U1797,2026-02-20,Organic_Search,US,Android
U1798,2026-03-04,Organic_Search,US,iOS
U1799,2026-03-25,Paid_Social,UK,iOS
U1800,2026-03-05,Influencer,US,Android
U1801,2026-01-14,Google_Ads,CA,iOS
U1802,2026-02-21,Paid_Social,FR,Android
U1803,2026-02-24,Organic_Search,CA,Web
U1804,2026-02-08,Referral,US,iOS
U1805,2026-03-08,Paid_Social,CA,Android
U1806,2026-03-26,Organic_Search,US,iOS
U1807,2026-03-25,Google_Ads,US,iOS
U1808,2026-02-10,Organic_Search,US,Web
U1809,2026-01-11,Paid_Social,US,Web
U1810,2026-03-30,Paid_Social,DE,iOS
U1811,2026-03-17,Influencer,UK,Android
U1812,2026-01-12,Paid_Social,US,Web
U1813,2026-03-24,Google_Ads,UK,Web
U1814,2026-03-20,Referral,US,Android
U1815,2026-02-16,Organic_Search,UK,iOS
U1816,2026-02-23,Organic_Search,US,iOS
U1817,2026-02-05,Paid_Social,FR,Web
U1818,2026-01-05,Paid_Social,FR,iOS
U1819,2026-01-31,Paid_Social,UK,Android
U1820,2026-03-14,Referral,US,iOS
U1821,2026-01-01,Google_Ads,US,iOS
U1822,2026-01-31,Google_Ads,FR,iOS
U1823,2026-02-05,Paid_Social,US,Web
U1824,2026-02-18,Influencer,US,iOS
U1825,2026-03-24,Referral,US,Android
U1826,2026-02-01,Influencer,UK,iOS
U1827,2026-02-01,Organic_Search,UK,iOS
U1828,2026-03-08,Google_Ads,FR,iOS
U1829,2026-02-10,Organic_Search,US,Android
U1830,2026-01-21,Organic_Search,US,iOS
U1831,2026-02-10,Organic_Search,FR,iOS
U1832,2026-01-13,Google_Ads,FR,iOS
U1833,2026-01-16,Google_Ads,US,iOS
U1834,2026-02-14,Organic_Search,UK,Web
U1835,2026-02-07,Paid_Social,US,Web
U1836,2026-03-24,Paid_Social,CA,iOS
U1837,2026-02-02,Paid_Social,US,Android
U1838,2026-02-22,Organic_Search,CA,Web
U1839,2026-02-26,Paid_Social,DE,iOS
U1840,2026-01-02,Influencer,UK,Android
U1841,2026-03-01,Organic_Search,US,Web
U1842,2026-01-17,Organic_Search,UK,iOS
U1843,2026-03-28,Paid_Social,US,iOS
U1844,2026-01-14,Referral,US,Web
U1845,2026-02-07,Google_Ads,DE,Android
U1846,2026-01-08,Google_Ads,CA,iOS
U1847,2026-03-31,Paid_Social,UK,iOS
U1848,2026-02-15,Google_Ads,DE,iOS
U1849,2026-02-23,Organic_Search,US,Android
U1850,2026-01-07,Google_Ads,US,Android
U1851,2026-03-09,Referral,US,Web
U1852,2026-01-19,Google_Ads,UK,iOS
U1853,2026-03-22,Influencer,CA,Android
U1854,2026-01-19,Google_Ads,DE,Android
U1855,2026-01-18,Organic_Search,US,iOS
U1856,2026-01-04,Referral,US,iOS
U1857,2026-02-12,Organic_Search,UK,Web
U1858,2026-02-20,Paid_Social,US,Web
U1859,2026-01-06,Organic_Search,FR,iOS
U1860,2026-03-11,Organic_Search,FR,Android
U1861,2026-02-10,Paid_Social,UK,iOS
U1862,2026-02-17,Organic_Search,US,Android
U1863,2026-02-09,Paid_Social,US,Android
U1864,2026-02-06,Google_Ads,US,Android
U1865,2026-02-20,Organic_Search,US,Web
U1866,2026-01-14,Organic_Search,US,Android
U1867,2026-01-17,Google_Ads,DE,iOS
U1868,2026-03-19,Paid_Social,DE,Android
U1869,2026-03-27,Google_Ads,US,iOS
U1870,2026-02-03,Google_Ads,US,iOS
U1871,2026-01-25,Influencer,US,iOS
U1872,2026-02-27,Google_Ads,US,iOS
U1873,2026-02-06,Paid_Social,FR,Android
U1874,2026-01-03,Google_Ads,US,iOS
U1875,2026-01-15,Organic_Search,US,Android
U1876,2026-03-06,Paid_Social,US,Android
U1877,2026-03-01,Influencer,FR,iOS
U1878,2026-01-03,Paid_Social,UK,Android
U1879,2026-01-20,Influencer,US,iOS
U1880,2026-01-21,Influencer,UK,iOS
U1881,2026-03-02,Influencer,DE,Android
U1882,2026-01-02,Referral,CA,iOS
U1883,2026-01-10,Paid_Social,US,iOS
U1884,2026-03-13,Paid_Social,FR,Android
U1885,2026-01-17,Google_Ads,CA,Android
U1886,2026-02-28,Paid_Social,CA,iOS
U1887,2026-01-22,Google_Ads,UK,Web
U1888,2026-01-09,Google_Ads,UK,Android
U1889,2026-01-22,Google_Ads,US,Web
U1890,2026-03-07,Paid_Social,DE,iOS
U1891,2026-03-19,Organic_Search,UK,Android
U1892,2026-03-16,Paid_Social,DE,Web
U1893,2026-02-05,Organic_Search,US,Android
U1894,2026-03-02,Influencer,DE,Android
U1895,2026-01-19,Paid_Social,FR,iOS
U1896,2026-01-27,Organic_Search,US,iOS
U1897,2026-03-22,Organic_Search,FR,iOS
U1898,2026-01-02,Google_Ads,UK,iOS
U1899,2026-01-08,Google_Ads,FR,Web
U1900,2026-01-19,Paid_Social,US,iOS
U1901,2026-01-03,Organic_Search,US,Web
U1902,2026-01-17,Paid_Social,CA,Web
U1903,2026-02-22,Paid_Social,US,iOS
U1904,2026-02-07,Google_Ads,FR,iOS
U1905,2026-03-22,Google_Ads,UK,Web
U1906,2026-03-15,Paid_Social,UK,Web
U1907,2026-01-31,Organic_Search,US,iOS
U1908,2026-01-24,Referral,UK,iOS
U1909,2026-02-04,Paid_Social,US,Android
U1910,2026-02-23,Google_Ads,US,Android
U1911,2026-01-25,Organic_Search,US,iOS
U1912,2026-02-26,Paid_Social,US,Android
U1913,2026-02-06,Organic_Search,CA,iOS
U1914,2026-02-19,Paid_Social,CA,iOS
U1915,2026-02-09,Referral,US,iOS
U1916,2026-01-27,Paid_Social,DE,iOS
U1917,2026-03-27,Organic_Search,US,iOS
U1918,2026-03-10,Organic_Search,DE,iOS
U1919,2026-01-13,Paid_Social,FR,iOS
U1920,2026-03-20,Organic_Search,CA,iOS
U1921,2026-02-13,Organic_Search,US,iOS
U1922,2026-03-22,Influencer,DE,Web
U1923,2026-03-13,Paid_Social,US,iOS
U1924,2026-02-08,Organic_Search,CA,iOS
U1925,2026-01-03,Referral,US,Android
U1926,2026-01-25,Organic_Search,UK,Web
U1927,2026-02-18,Referral,DE,iOS
U1928,2026-02-27,Paid_Social,DE,Android
U1929,2026-01-24,Influencer,US,Android
U1930,2026-01-13,Google_Ads,CA,Android
U1931,2026-03-17,Influencer,US,iOS
U1932,2026-03-30,Referral,UK,Android
U1933,2026-02-17,Organic_Search,US,iOS
U1934,2026-01-16,Referral,US,Android
U1935,2026-01-25,Paid_Social,UK,Android
U1936,2026-01-02,Paid_Social,US,iOS
U1937,2026-03-24,Paid_Social,US,Android
U1938,2026-01-11,Paid_Social,US,iOS
U1939,2026-02-21,Organic_Search,US,Android
U1940,2026-01-25,Google_Ads,DE,iOS
U1941,2026-02-19,Paid_Social,FR,iOS
U1942,2026-02-28,Influencer,US,iOS
U1943,2026-03-16,Influencer,US,Web
U1944,2026-01-19,Paid_Social,US,iOS
U1945,2026-01-01,Paid_Social,US,iOS
U1946,2026-01-13,Organic_Search,DE,iOS
U1947,2026-03-23,Organic_Search,UK,Android
U1948,2026-03-20,Organic_Search,US,Android
U1949,2026-02-23,Paid_Social,US,iOS
U1950,2026-02-24,Organic_Search,US,iOS
U1951,2026-03-01,Referral,FR,iOS
U1952,2026-01-16,Google_Ads,CA,iOS
U1953,2026-03-24,Paid_Social,US,iOS
U1954,2026-02-07,Google_Ads,US,Android
U1955,2026-02-04,Organic_Search,FR,iOS
U1956,2026-02-16,Paid_Social,CA,iOS
U1957,2026-01-05,Google_Ads,US,iOS
U1958,2026-01-15,Paid_Social,US,Web
U1959,2026-03-08,Paid_Social,US,Web
U1960,2026-01-08,Referral,UK,Android
U1961,2026-02-24,Influencer,US,iOS
U1962,2026-01-23,Google_Ads,US,iOS
U1963,2026-02-05,Google_Ads,UK,iOS
U1964,2026-01-26,Google_Ads,US,iOS
U1965,2026-02-02,Organic_Search,DE,Android
U1966,2026-03-06,Paid_Social,US,Android
U1967,2026-01-27,Organic_Search,US,Web
U1968,2026-02-20,Paid_Social,UK,Android
U1969,2026-02-12,Paid_Social,US,iOS
U1970,2026-03-01,Organic_Search,CA,Android
U1971,2026-03-26,Referral,UK,iOS
U1972,2026-03-07,Referral,US,iOS
U1973,2026-01-20,Google_Ads,DE,Android
U1974,2026-01-03,Paid_Social,US,iOS
U1975,2026-01-24,Influencer,CA,iOS
U1976,2026-02-23,Organic_Search,US,iOS
U1977,2026-01-05,Influencer,UK,Android
U1978,2026-02-14,Organic_Search,US,Android
U1979,2026-02-23,Influencer,US,iOS
U1980,2026-01-31,Organic_Search,FR,Android
U1981,2026-03-11,Influencer,FR,iOS
U1982,2026-01-10,Referral,US,iOS
U1983,2026-01-07,Organic_Search,US,Android
U1984,2026-03-07,Paid_Social,FR,Android
U1985,2026-02-14,Referral,CA,Web
U1986,2026-03-03,Paid_Social,US,iOS
U1987,2026-02-09,Influencer,UK,Android
U1988,2026-01-23,Google_Ads,US,Android
U1989,2026-03-15,Paid_Social,FR,Web
U1990,2026-03-13,Organic_Search,US,iOS
U1991,2026-03-04,Organic_Search,US,Android
U1992,2026-01-25,Influencer,DE,Android
U1993,2026-02-23,Paid_Social,US,iOS
U1994,2026-02-02,Paid_Social,UK,iOS
U1995,2026-01-09,Paid_Social,US,iOS
U1996,2026-03-24,Google_Ads,US,Android
U1997,2026-01-13,Influencer,US,Web
U1998,2026-03-27,Referral,UK,Android
U1999,2026-02-10,Paid_Social,US,Android
U2000,2026-01-17,Influencer,UK,Android
U2001,2026-02-18,Influencer,FR,iOS
U2002,2026-03-20,Google_Ads,DE,iOS
U2003,2026-03-07,Referral,US,iOS
U2004,2026-03-14,Organic_Search,US,iOS
U2005,2026-03-01,Organic_Search,US,iOS
U2006,2026-03-04,Influencer,US,Android
U2007,2026-03-18,Paid_Social,US,iOS
U2008,2026-01-23,Influencer,DE,iOS
U2009,2026-02-14,Influencer,US,iOS
U2010,2026-01-20,Organic_Search,US,iOS
U2011,2026-03-30,Influencer,US,Web
U2012,2026-03-26,Paid_Social,DE,Web
U2013,2026-01-04,Paid_Social,US,Android
U2014,2026-03-05,Google_Ads,UK,iOS
U2015,2026-03-25,Referral,US,Android
U2016,2026-01-17,Organic_Search,FR,Android
U2017,2026-02-21,Paid_Social,FR,Android
U2018,2026-03-24,Google_Ads,US,iOS
U2019,2026-01-04,Google_Ads,US,Android
U2020,2026-03-04,Google_Ads,US,Android
U2021,2026-01-27,Organic_Search,US,Android
U2022,2026-03-25,Organic_Search,DE,Android
U2023,2026-03-29,Paid_Social,FR,iOS
U2024,2026-03-26,Influencer,DE,Android
U2025,2026-02-12,Organic_Search,FR,iOS
U2026,2026-03-19,Organic_Search,US,Android
U2027,2026-03-18,Referral,US,iOS
U2028,2026-01-29,Organic_Search,DE,iOS
U2029,2026-03-16,Referral,US,iOS
U2030,2026-01-04,Google_Ads,DE,Android
U2031,2026-02-23,Influencer,US,iOS
U2032,2026-01-21,Organic_Search,US,Android
U2033,2026-01-11,Organic_Search,CA,Android
U2034,2026-01-07,Google_Ads,US,iOS
U2035,2026-03-04,Influencer,CA,iOS
U2036,2026-01-31,Google_Ads,CA,iOS
U2037,2026-03-07,Organic_Search,DE,Web
U2038,2026-01-06,Influencer,DE,Android
U2039,2026-01-29,Influencer,UK,iOS
U2040,2026-02-18,Google_Ads,FR,iOS
U2041,2026-03-13,Influencer,US,Android
U2042,2026-01-29,Influencer,UK,Web
U2043,2026-02-26,Google_Ads,UK,Android
U2044,2026-03-21,Organic_Search,US,Android
U2045,2026-02-25,Paid_Social,US,iOS
U2046,2026-01-21,Organic_Search,US,iOS
U2047,2026-01-03,Paid_Social,UK,iOS
U2048,2026-03-20,Paid_Social,FR,iOS
U2049,2026-01-02,Organic_Search,US,iOS
U2050,2026-03-20,Paid_Social,CA,iOS
U2051,2026-02-17,Organic_Search,DE,iOS
U2052,2026-03-26,Influencer,FR,Web
U2053,2026-03-13,Referral,UK,Android
U2054,2026-03-31,Organic_Search,DE,Android
U2055,2026-02-01,Referral,US,Android
U2056,2026-03-11,Paid_Social,FR,iOS
U2057,2026-02-06,Organic_Search,US,Android
U2058,2026-02-13,Organic_Search,FR,iOS
U2059,2026-02-26,Paid_Social,CA,Android
U2060,2026-03-20,Influencer,US,iOS
U2061,2026-03-30,Google_Ads,US,Web
U2062,2026-03-11,Organic_Search,DE,iOS
U2063,2026-02-07,Organic_Search,US,iOS
U2064,2026-02-07,Paid_Social,FR,Web
U2065,2026-03-08,Organic_Search,US,iOS
U2066,2026-01-22,Organic_Search,US,Android
U2067,2026-01-10,Organic_Search,CA,Android
U2068,2026-02-01,Influencer,DE,Android
U2069,2026-01-26,Referral,FR,Web
U2070,2026-01-27,Paid_Social,US,Web
U2071,2026-01-22,Referral,DE,iOS
U2072,2026-01-04,Paid_Social,UK,Android
U2073,2026-01-02,Paid_Social,UK,Android
U2074,2026-03-30,Organic_Search,DE,Android
U2075,2026-02-08,Google_Ads,UK,iOS
U2076,2026-02-04,Referral,US,Android
U2077,2026-03-03,Google_Ads,US,Web
U2078,2026-01-20,Paid_Social,DE,Web
U2079,2026-03-27,Google_Ads,US,iOS
U2080,2026-03-12,Organic_Search,DE,iOS
U2081,2026-01-09,Influencer,US,iOS
U2082,2026-02-07,Paid_Social,UK,Android
U2083,2026-03-21,Paid_Social,DE,Android
U2084,2026-03-27,Google_Ads,US,iOS
U2085,2026-02-12,Google_Ads,US,iOS
U2086,2026-02-25,Organic_Search,US,iOS
U2087,2026-01-16,Google_Ads,UK,iOS
U2088,2026-03-31,Organic_Search,FR,Web
U2089,2026-01-21,Google_Ads,US,Android
U2090,2026-03-26,Influencer,DE,iOS
U2091,2026-02-28,Influencer,US,Android
U2092,2026-02-24,Google_Ads,UK,iOS
U2093,2026-02-16,Paid_Social,CA,Web
U2094,2026-01-21,Organic_Search,US,iOS
U2095,2026-01-16,Influencer,UK,iOS
U2096,2026-01-20,Organic_Search,US,iOS
U2097,2026-01-17,Paid_Social,US,Android
U2098,2026-03-12,Organic_Search,US,Android
U2099,2026-02-01,Organic_Search,US,Android
U2100,2026-01-06,Google_Ads,UK,iOS
U2101,2026-03-29,Organic_Search,US,iOS
U2102,2026-03-21,Google_Ads,UK,iOS
U2103,2026-03-25,Paid_Social,US,Android
U2104,2026-03-31,Organic_Search,US,iOS
U2105,2026-01-16,Paid_Social,DE,Android
U2106,2026-02-05,Organic_Search,CA,Web
U2107,2026-03-10,Organic_Search,US,Web
U2108,2026-03-04,Google_Ads,FR,iOS
U2109,2026-01-14,Organic_Search,UK,iOS
U2110,2026-03-15,Influencer,UK,iOS
U2111,2026-01-21,Organic_Search,UK,Android
U2112,2026-01-21,Organic_Search,US,Android
U2113,2026-02-18,Google_Ads,US,iOS
U2114,2026-02-23,Paid_Social,UK,iOS
U2115,2026-02-22,Organic_Search,US,Android
U2116,2026-01-09,Paid_Social,CA,Web
U2117,2026-03-20,Organic_Search,US,iOS
U2118,2026-01-24,Influencer,US,Android
U2119,2026-01-12,Paid_Social,DE,iOS
U2120,2026-03-21,Influencer,US,iOS
U2121,2026-03-28,Influencer,UK,Web
U2122,2026-03-19,Paid_Social,DE,Android
U2123,2026-03-14,Referral,CA,Android
U2124,2026-02-28,Paid_Social,DE,iOS
U2125,2026-02-19,Referral,DE,Android
U2126,2026-01-08,Organic_Search,DE,iOS
U2127,2026-02-06,Google_Ads,CA,iOS
U2128,2026-02-03,Paid_Social,US,Android
U2129,2026-01-24,Paid_Social,US,iOS
U2130,2026-03-07,Google_Ads,US,Android
U2131,2026-02-14,Google_Ads,US,Android
U2132,2026-01-08,Organic_Search,DE,iOS
U2133,2026-01-20,Organic_Search,UK,iOS
U2134,2026-03-03,Google_Ads,UK,iOS
U2135,2026-01-07,Google_Ads,US,iOS
U2136,2026-03-18,Referral,DE,Android
U2137,2026-02-14,Influencer,US,Android
U2138,2026-02-13,Referral,DE,iOS
U2139,2026-02-23,Google_Ads,UK,iOS
U2140,2026-03-16,Organic_Search,US,Android
U2141,2026-02-01,Organic_Search,US,Android
U2142,2026-03-03,Influencer,US,iOS
U2143,2026-02-20,Google_Ads,FR,iOS
U2144,2026-01-25,Organic_Search,CA,Android
U2145,2026-03-21,Paid_Social,UK,iOS
U2146,2026-03-13,Referral,US,iOS
U2147,2026-03-01,Paid_Social,US,Android
U2148,2026-03-18,Paid_Social,DE,Android
U2149,2026-03-20,Paid_Social,DE,Android
U2150,2026-03-05,Organic_Search,US,Android
U2151,2026-03-17,Paid_Social,US,Android
U2152,2026-03-04,Paid_Social,DE,iOS
U2153,2026-03-03,Organic_Search,US,iOS
U2154,2026-02-25,Influencer,US,iOS
U2155,2026-03-09,Paid_Social,US,iOS
U2156,2026-01-15,Influencer,UK,Android
U2157,2026-03-21,Influencer,FR,Web
U2158,2026-03-20,Organic_Search,CA,Web
U2159,2026-01-03,Google_Ads,UK,Android
U2160,2026-03-16,Paid_Social,UK,iOS
U2161,2026-01-12,Influencer,US,iOS
U2162,2026-01-31,Organic_Search,UK,Android
U2163,2026-03-08,Google_Ads,US,Android
U2164,2026-01-15,Google_Ads,UK,Android
U2165,2026-03-15,Organic_Search,US,Android
U2166,2026-03-16,Organic_Search,US,Android
U2167,2026-02-15,Google_Ads,US,Android
U2168,2026-01-01,Google_Ads,US,iOS
U2169,2026-01-26,Paid_Social,US,Android
U2170,2026-02-25,Google_Ads,US,Web
U2171,2026-03-30,Paid_Social,CA,iOS
U2172,2026-02-26,Google_Ads,US,Android
U2173,2026-01-24,Organic_Search,UK,iOS
U2174,2026-02-27,Influencer,FR,Web
U2175,2026-02-18,Organic_Search,CA,iOS
U2176,2026-03-12,Paid_Social,UK,Android
U2177,2026-01-10,Organic_Search,FR,iOS
U2178,2026-03-10,Organic_Search,US,Android
U2179,2026-02-18,Paid_Social,US,iOS
U2180,2026-03-28,Organic_Search,US,iOS
U2181,2026-01-31,Influencer,DE,iOS
U2182,2026-02-26,Organic_Search,DE,Web
U2183,2026-03-25,Paid_Social,US,iOS
U2184,2026-01-10,Paid_Social,US,iOS
U2185,2026-03-26,Organic_Search,UK,Android
U2186,2026-03-03,Organic_Search,US,Android
U2187,2026-01-07,Paid_Social,UK,Web
U2188,2026-01-28,Paid_Social,DE,iOS
U2189,2026-03-05,Paid_Social,DE,Android
U2190,2026-01-07,Paid_Social,DE,iOS
U2191,2026-02-22,Google_Ads,FR,iOS
U2192,2026-02-01,Organic_Search,UK,Android
U2193,2026-02-25,Paid_Social,DE,Android
U2194,2026-01-05,Referral,UK,Android
U2195,2026-03-20,Paid_Social,US,iOS
U2196,2026-03-29,Google_Ads,US,iOS
U2197,2026-03-29,Paid_Social,US,iOS
U2198,2026-03-09,Influencer,US,Web
U2199,2026-01-12,Influencer,UK,iOS
U2200,2026-03-10,Paid_Social,FR,iOS
U2201,2026-01-03,Referral,US,iOS
U2202,2026-01-02,Organic_Search,US,Android
U2203,2026-01-30,Organic_Search,CA,iOS
U2204,2026-02-13,Influencer,US,Web
U2205,2026-03-11,Influencer,UK,iOS
U2206,2026-03-03,Organic_Search,UK,Web
U2207,2026-02-10,Organic_Search,UK,iOS
U2208,2026-01-25,Organic_Search,US,Android
U2209,2026-03-31,Organic_Search,US,Web
U2210,2026-02-08,Influencer,US,iOS
U2211,2026-02-10,Paid_Social,UK,Web
U2212,2026-01-15,Paid_Social,UK,iOS
U2213,2026-03-13,Paid_Social,US,Web
U2214,2026-03-04,Organic_Search,UK,Android
U2215,2026-01-20,Organic_Search,FR,iOS
U2216,2026-01-08,Google_Ads,US,iOS
U2217,2026-03-03,Referral,UK,iOS
U2218,2026-02-28,Influencer,DE,iOS
U2219,2026-01-25,Organic_Search,US,iOS
U2220,2026-03-27,Influencer,US,iOS
U2221,2026-01-14,Influencer,UK,iOS
U2222,2026-02-08,Influencer,FR,Android
U2223,2026-03-26,Paid_Social,FR,iOS
U2224,2026-02-07,Paid_Social,UK,iOS
U2225,2026-02-27,Paid_Social,DE,Android
U2226,2026-02-05,Organic_Search,US,iOS
U2227,2026-01-25,Organic_Search,UK,iOS
U2228,2026-03-30,Organic_Search,UK,iOS
U2229,2026-02-06,Paid_Social,US,Web
U2230,2026-03-22,Google_Ads,DE,Android
U2231,2026-01-21,Paid_Social,UK,iOS
U2232,2026-01-20,Organic_Search,US,Android
U2233,2026-01-03,Referral,CA,Android
U2234,2026-02-28,Referral,US,Android
U2235,2026-02-03,Influencer,US,Android
U2236,2026-03-19,Referral,US,Android
U2237,2026-02-12,Paid_Social,DE,iOS
U2238,2026-03-29,Referral,DE,iOS
U2239,2026-01-17,Organic_Search,US,iOS
U2240,2026-03-20,Paid_Social,DE,Web
U2241,2026-03-11,Organic_Search,US,Android
U2242,2026-03-11,Organic_Search,DE,Android
U2243,2026-03-18,Organic_Search,UK,Web
U2244,2026-03-10,Google_Ads,US,iOS
U2245,2026-02-26,Influencer,CA,Android
U2246,2026-01-12,Google_Ads,US,Android
U2247,2026-01-03,Organic_Search,US,Web
U2248,2026-03-24,Influencer,UK,Web
U2249,2026-02-25,Google_Ads,CA,Android
U2250,2026-03-13,Paid_Social,US,iOS
U2251,2026-02-13,Google_Ads,US,Android
U2252,2026-01-11,Organic_Search,US,iOS
U2253,2026-01-12,Paid_Social,UK,Android
U2254,2026-03-03,Referral,US,Web
U2255,2026-02-08,Organic_Search,DE,iOS
U2256,2026-01-19,Paid_Social,CA,Android
U2257,2026-02-14,Influencer,UK,iOS
U2258,2026-01-06,Google_Ads,US,iOS
U2259,2026-02-22,Organic_Search,US,iOS
U2260,2026-01-25,Organic_Search,US,Android
U2261,2026-03-13,Organic_Search,FR,Web
U2262,2026-01-28,Google_Ads,US,Web
U2263,2026-02-10,Paid_Social,US,iOS
U2264,2026-01-02,Organic_Search,DE,Web
U2265,2026-01-07,Referral,US,Android
U2266,2026-02-05,Paid_Social,UK,iOS
U2267,2026-02-13,Organic_Search,US,iOS
U2268,2026-02-24,Paid_Social,FR,iOS
U2269,2026-01-27,Google_Ads,CA,Web
U2270,2026-03-04,Organic_Search,UK,Android
U2271,2026-03-19,Organic_Search,CA,Android
U2272,2026-03-12,Influencer,US,iOS
U2273,2026-01-04,Paid_Social,UK,Android
U2274,2026-02-13,Paid_Social,UK,iOS
U2275,2026-01-10,Paid_Social,UK,iOS
U2276,2026-01-22,Organic_Search,US,Android
U2277,2026-03-30,Organic_Search,US,iOS
U2278,2026-01-13,Paid_Social,US,Android
U2279,2026-02-14,Organic_Search,US,iOS
U2280,2026-02-25,Organic_Search,US,Android
U2281,2026-03-05,Influencer,DE,iOS
U2282,2026-02-20,Referral,US,Android
U2283,2026-01-01,Influencer,US,iOS
U2284,2026-01-30,Influencer,UK,iOS
U2285,2026-02-16,Organic_Search,UK,Web
U2286,2026-01-08,Referral,FR,iOS
U2287,2026-02-01,Organic_Search,UK,Android
U2288,2026-01-03,Referral,US,Web
U2289,2026-01-08,Referral,FR,iOS
U2290,2026-02-05,Google_Ads,UK,iOS
U2291,2026-01-12,Referral,US,Android
U2292,2026-02-21,Google_Ads,UK,Web
U2293,2026-03-04,Organic_Search,CA,Web
U2294,2026-03-14,Paid_Social,US,Android
U2295,2026-01-19,Google_Ads,US,Android
U2296,2026-01-16,Organic_Search,US,iOS
U2297,2026-01-10,Google_Ads,US,Web
U2298,2026-02-27,Referral,US,Web
U2299,2026-03-05,Organic_Search,UK,iOS
U2300,2026-01-03,Influencer,US,iOS
U2301,2026-03-26,Referral,CA,iOS
U2302,2026-01-05,Referral,DE,iOS
U2303,2026-02-18,Referral,UK,Android
U2304,2026-03-05,Paid_Social,FR,iOS
U2305,2026-03-20,Referral,US,iOS
U2306,2026-03-06,Influencer,UK,iOS
U2307,2026-03-14,Organic_Search,UK,Web
U2308,2026-01-31,Paid_Social,FR,Android
U2309,2026-03-15,Google_Ads,DE,iOS
U2310,2026-01-08,Organic_Search,US,iOS
U2311,2026-03-22,Google_Ads,CA,Web
U2312,2026-02-19,Google_Ads,US,Android
U2313,2026-03-15,Organic_Search,FR,iOS
U2314,2026-02-10,Google_Ads,CA,iOS
U2315,2026-02-27,Influencer,US,iOS
U2316,2026-02-17,Paid_Social,DE,iOS
U2317,2026-03-07,Organic_Search,US,Android
U2318,2026-01-08,Organic_Search,US,Web
U2319,2026-01-06,Paid_Social,UK,iOS
U2320,2026-01-23,Referral,UK,Android
U2321,2026-01-15,Organic_Search,CA,iOS
U2322,2026-03-20,Google_Ads,DE,Android
U2323,2026-01-20,Organic_Search,UK,Android
U2324,2026-03-29,Paid_Social,FR,iOS
U2325,2026-01-31,Influencer,CA,iOS
U2326,2026-01-17,Google_Ads,US,Android
U2327,2026-03-13,Organic_Search,CA,iOS
U2328,2026-03-01,Paid_Social,US,iOS
U2329,2026-02-14,Organic_Search,FR,Android
U2330,2026-02-19,Paid_Social,US,Web
U2331,2026-03-06,Google_Ads,US,iOS
U2332,2026-01-21,Organic_Search,US,Android
U2333,2026-03-31,Organic_Search,UK,iOS
U2334,2026-03-29,Paid_Social,US,Android
U2335,2026-02-28,Referral,US,Android
U2336,2026-01-18,Referral,UK,Web
U2337,2026-03-03,Organic_Search,CA,iOS
U2338,2026-01-07,Influencer,US,Android
U2339,2026-01-03,Paid_Social,US,Android
U2340,2026-01-24,Paid_Social,US,iOS
U2341,2026-02-11,Influencer,US,iOS
U2342,2026-03-20,Referral,FR,iOS
U2343,2026-03-07,Referral,FR,iOS
U2344,2026-03-08,Google_Ads,UK,Web
U2345,2026-02-08,Paid_Social,US,iOS
U2346,2026-02-01,Influencer,DE,iOS
U2347,2026-02-03,Organic_Search,UK,Android
U2348,2026-03-30,Google_Ads,FR,iOS
U2349,2026-01-04,Paid_Social,UK,Android
U2350,2026-03-20,Google_Ads,DE,iOS
U2351,2026-02-22,Organic_Search,UK,Web
U2352,2026-02-09,Organic_Search,US,Web
U2353,2026-03-07,Referral,CA,Web
U2354,2026-02-13,Organic_Search,UK,iOS
U2355,2026-03-20,Paid_Social,UK,Android
U2356,2026-03-23,Organic_Search,US,iOS
U2357,2026-02-07,Organic_Search,UK,iOS
U2358,2026-01-25,Organic_Search,UK,iOS
U2359,2026-02-23,Organic_Search,US,Android
U2360,2026-03-24,Influencer,US,iOS
U2361,2026-01-19,Organic_Search,UK,Android
U2362,2026-02-26,Referral,DE,iOS
U2363,2026-02-26,Google_Ads,UK,iOS
U2364,2026-03-07,Paid_Social,US,Android
U2365,2026-01-12,Google_Ads,DE,iOS
U2366,2026-03-06,Paid_Social,US,Android
U2367,2026-03-23,Influencer,US,iOS
U2368,2026-01-17,Organic_Search,US,Android
U2369,2026-01-22,Paid_Social,US,Android
U2370,2026-03-29,Influencer,US,iOS
U2371,2026-01-17,Referral,US,iOS
U2372,2026-03-18,Influencer,US,Android
U2373,2026-02-14,Paid_Social,US,Android
U2374,2026-01-23,Influencer,UK,iOS
U2375,2026-03-20,Paid_Social,UK,iOS
U2376,2026-02-10,Paid_Social,US,Web
U2377,2026-02-16,Organic_Search,FR,Android
U2378,2026-02-02,Google_Ads,US,iOS
U2379,2026-02-23,Organic_Search,UK,iOS
U2380,2026-01-15,Paid_Social,US,iOS
U2381,2026-02-05,Influencer,US,Android
U2382,2026-03-29,Organic_Search,UK,iOS
U2383,2026-01-24,Organic_Search,UK,Web
U2384,2026-03-01,Organic_Search,FR,iOS
U2385,2026-01-30,Referral,UK,iOS
U2386,2026-03-11,Paid_Social,CA,Android
U2387,2026-01-12,Paid_Social,US,Web
U2388,2026-03-29,Influencer,US,Android
U2389,2026-02-10,Influencer,US,iOS
U2390,2026-01-22,Paid_Social,US,Android
U2391,2026-01-07,Google_Ads,UK,Android
U2392,2026-01-16,Influencer,UK,iOS
U2393,2026-02-16,Google_Ads,US,iOS
U2394,2026-01-31,Organic_Search,CA,iOS
U2395,2026-03-16,Influencer,FR,iOS
U2396,2026-02-08,Paid_Social,US,Web
U2397,2026-01-23,Organic_Search,US,iOS
U2398,2026-02-25,Paid_Social,US,Web
U2399,2026-03-05,Organic_Search,US,Android
U2400,2026-01-16,Organic_Search,US,Android
U2401,2026-01-16,Influencer,UK,Android
U2402,2026-01-04,Organic_Search,US,iOS
U2403,2026-03-08,Paid_Social,US,iOS
U2404,2026-03-01,Paid_Social,CA,iOS
U2405,2026-02-12,Organic_Search,DE,Android
U2406,2026-03-17,Referral,CA,iOS
U2407,2026-03-14,Organic_Search,US,Android
U2408,2026-02-22,Paid_Social,US,iOS
U2409,2026-03-20,Paid_Social,UK,iOS
U2410,2026-01-19,Organic_Search,US,iOS
U2411,2026-01-11,Organic_Search,US,Web
U2412,2026-01-25,Google_Ads,DE,Android
U2413,2026-01-06,Referral,UK,iOS
U2414,2026-02-17,Organic_Search,US,Android
U2415,2026-03-26,Google_Ads,UK,iOS
U2416,2026-01-04,Google_Ads,US,Web
U2417,2026-01-11,Influencer,US,Android
U2418,2026-02-10,Paid_Social,US,iOS
U2419,2026-03-26,Paid_Social,US,Android
U2420,2026-01-29,Paid_Social,US,iOS
U2421,2026-02-15,Google_Ads,CA,Web
U2422,2026-01-04,Influencer,UK,iOS
U2423,2026-01-14,Organic_Search,DE,Android
U2424,2026-03-30,Paid_Social,US,iOS
U2425,2026-03-28,Referral,US,Android
U2426,2026-01-01,Influencer,US,Android
U2427,2026-03-27,Referral,US,Android
U2428,2026-02-27,Influencer,US,Android
U2429,2026-03-20,Paid_Social,DE,Web
U2430,2026-02-10,Google_Ads,DE,iOS
U2431,2026-02-16,Google_Ads,UK,iOS
U2432,2026-02-13,Organic_Search,UK,iOS
U2433,2026-03-02,Paid_Social,CA,Web
U2434,2026-01-13,Google_Ads,US,iOS
U2435,2026-01-03,Organic_Search,US,Android
U2436,2026-01-28,Influencer,US,Android
U2437,2026-03-05,Google_Ads,DE,iOS
U2438,2026-01-19,Referral,CA,iOS
U2439,2026-03-02,Organic_Search,US,iOS
U2440,2026-03-29,Organic_Search,FR,iOS
U2441,2026-01-09,Google_Ads,FR,iOS
U2442,2026-03-02,Organic_Search,US,iOS
U2443,2026-02-09,Google_Ads,US,Web
U2444,2026-03-20,Influencer,US,Web
U2445,2026-01-16,Organic_Search,CA,iOS
U2446,2026-03-04,Paid_Social,US,iOS
U2447,2026-03-17,Paid_Social,DE,iOS
U2448,2026-03-27,Paid_Social,US,Android
U2449,2026-03-03,Referral,DE,Android
U2450,2026-02-14,Influencer,US,iOS
U2451,2026-02-25,Google_Ads,UK,iOS
U2452,2026-03-20,Google_Ads,FR,Android
U2453,2026-02-21,Paid_Social,FR,Android
U2454,2026-01-03,Referral,FR,iOS
U2455,2026-03-25,Google_Ads,US,Android
U2456,2026-03-04,Google_Ads,DE,iOS
U2457,2026-03-02,Influencer,US,iOS
U2458,2026-01-20,Organic_Search,US,Android
U2459,2026-03-01,Influencer,UK,Android
U2460,2026-02-05,Organic_Search,US,iOS
U2461,2026-02-28,Paid_Social,UK,Web
U2462,2026-01-10,Paid_Social,CA,iOS
U2463,2026-03-01,Referral,US,Android
U2464,2026-03-31,Influencer,DE,iOS
U2465,2026-01-05,Google_Ads,US,Web
U2466,2026-03-29,Google_Ads,US,Web
U2467,2026-02-06,Google_Ads,US,iOS
U2468,2026-03-20,Referral,CA,Web
U2469,2026-03-12,Paid_Social,FR,Android
U2470,2026-02-21,Paid_Social,CA,Android
U2471,2026-03-08,Organic_Search,CA,iOS
U2472,2026-03-21,Influencer,US,Android
U2473,2026-02-06,Google_Ads,US,Web
U2474,2026-01-30,Paid_Social,DE,iOS
U2475,2026-03-02,Organic_Search,UK,Web
U2476,2026-03-14,Influencer,US,iOS
U2477,2026-03-10,Organic_Search,US,iOS
U2478,2026-03-13,Google_Ads,UK,Android
U2479,2026-02-09,Referral,UK,Android
U2480,2026-03-15,Paid_Social,US,Android
U2481,2026-01-11,Organic_Search,UK,iOS
U2482,2026-02-19,Google_Ads,UK,Web
U2483,2026-01-01,Influencer,UK,iOS
U2484,2026-01-30,Paid_Social,US,iOS
U2485,2026-02-02,Referral,DE,iOS
U2486,2026-02-05,Organic_Search,US,Android
U2487,2026-03-04,Paid_Social,US,Web
U2488,2026-02-04,Google_Ads,DE,Android
U2489,2026-02-10,Influencer,UK,Android
U2490,2026-01-22,Organic_Search,US,iOS
U2491,2026-02-03,Influencer,DE,Android
U2492,2026-01-21,Google_Ads,UK,iOS
U2493,2026-01-07,Paid_Social,DE,iOS
U2494,2026-02-24,Organic_Search,DE,iOS
U2495,2026-03-02,Influencer,UK,Android
U2496,2026-02-25,Organic_Search,UK,Android
U2497,2026-02-11,Paid_Social,US,Android
U2498,2026-02-04,Organic_Search,US,iOS
U2499,2026-03-19,Influencer,US,iOS
